ra,dec
43.82016210722349,8.385951691861825
38.328559204017,6.4203220069747555
46.290431645639124,12.176654404848602
45.14501791453031,18.631641642023975
58.076416473693286,16.28085827537798
57.67408160723461,19.37811883929644
53.5717738321225,18.492619440372717
50.628741971362935,24.119907636948763
58.180094900963205,25.64256778802719
55.00912509171004,27.486340725478797
29.37565738692864,14.991404076784425
36.32616855356467,17.935175250582674
30.569718904202105,18.589337384387562
35.89323068163659,22.457759305705842
30.047172810317726,26.098763075128176
45.85381119041699,23.93811185130314
49.738701340839214,25.48370739690836
50.865649992885665,31.626534750893544
41.594274425978156,29.767808527444426
37.36223331105209,32.111552151023076
49.16994326669213,36.285647981604065
46.15571087101322,37.00337950721593
69.00945906379799,23.70727913441676
77.36567397742789,30.555099840825328
62.818456024875296,27.929158743286372
56.40292990689023,29.894573821010756
67.9507681582183,32.919000180885305
67.09475771522541,36.940116886857574
77.0193883419963,32.44006391523481
82.24470309364169,35.85240771816471
76.93488695541978,36.47481376700046
79.60765674930134,39.49197563694742
86.16450861934959,38.822477572861935
86.50809330901706,41.510846304868444
79.31707429836385,42.17174766469181
88.57059529102871,46.91798362338044
77.65727570832847,41.8826339175883
68.11887170276013,41.41061379328378
75.09944910549567,46.93156711366112
84.15428418768735,45.66584541405999
79.61987299062625,49.05668322263134
55.308888149950086,31.996122166612444
54.152188060237485,33.96144044717625
54.21809903674769,39.16638866628143
66.269108274458,41.055510924067136
59.61160273147777,42.35780685415183
63.61239453820191,46.10030263064435
50.56094320270211,41.13550964675228
47.66407850933477,39.21522327794361
51.35381238849663,43.60589998269123
56.26406678353704,41.98844912545551
59.439461486555366,45.97175606630529
54.56633927570963,47.818111890368215
59.78961072092238,51.67545939264698
70.00292151924081,45.772570241790085
68.95314408496023,47.38527299736281
77.5805965262104,50.00863354215607
89.00112735189822,56.096167011969634
84.75649426940315,57.004259960103575
67.50022889218683,53.87281042866734
61.97229314540762,53.73115104948615
72.55758558498196,58.975974280224115
83.8480542326518,59.87016677992753
83.6612919341311,62.18654748077771
23.19408489995407,22.725982623178886
22.114627314270997,27.14893684611547
31.314598369615524,31.075798354866453
27.06743874084662,32.861374282663576
19.35864010169534,31.54190488196389
22.229281973024147,30.312964729429588
25.08886106418997,35.671153840511
23.966350835007724,38.610037260527804
32.65874346132644,33.93813964286775
33.2235061701234,35.32215258321473
31.46841940098977,38.112567600018366
38.13434779801032,39.88649879605044
41.51114800070418,43.75474442941928
36.2936585388886,43.545437743761255
39.674838274660765,46.53757511857585
26.856234031412757,40.15223374560431
24.977910180898995,39.66837126722141
29.287080556460268,44.05204280885758
34.396343533829736,46.095743850213104
37.368738381798444,49.06157721064147
30.128830316387926,47.728257704493494
32.68362533417775,51.520006947141646
9.715939852051173,33.03776281246363
7.076148046248065,35.29848274240871
18.095398241726308,38.12015971575267
18.369002170493015,40.91966295757669
11.844290783996819,42.620483365132316
13.47371724278283,45.9448599568441
6.000679760398056,42.408741801697964
1.24685662036182,44.04608358244578
1.1293347530770548,46.6222891043664
10.894321592476382,48.06325629270627
4.662811579794209,48.32223517748219
6.066942826659642,50.30594077395777
2.3674779808389377,52.663965352269194
20.395570945139614,46.7584059152326
21.84630340540023,50.41896787374789
19.108176015125984,48.76344178027831
15.9670839483453,53.65280592857884
28.02459915253378,51.80608771205496
23.923850397733915,54.351089271585906
19.472051693601014,54.04810842640217
21.175427625785126,55.66336619449154
17.729983292562494,58.09896092862051
8.759359188726153,53.154206793951346
8.246212835479499,55.78744452029031
5.126823148858985,54.942754877987724
0.658872633225902,56.657291527911035
3.8686213367409925,56.13597888442587
15.461815600581717,55.838694306359734
11.598883187805123,57.13888306749594
16.424267485718065,59.18186827324427
11.779963007293073,60.6178478503291
6.287871340879706,59.612123799085786
1.5761272635563113,61.07038358056788
7.175124224624714,62.56767520877257
1.2413498547127897,63.97593777345495
43.27754060648,45.7209752765727
48.88833565413123,49.15491697789146
39.34758065603541,48.54803079867398
42.67307088458732,52.32429190867306
58.30304078471902,54.040889930828605
52.26098728699391,54.719768024978315
37.92414079263251,50.51519196973996
38.05574244206105,53.1987319811306
41.59462774266406,55.446879331785624
33.91408771781974,54.249483115630035
33.26274236691213,56.11990647140555
38.547708695369465,58.40548447694184
35.26964752907742,59.55026565177346
48.79357845530404,57.91644397149546
49.42636415899731,62.35274506851802
38.69853601247082,61.438091024552094
46.70561568637802,63.20970924727897
64.17782552168845,58.15485538125945
69.77348933012547,61.40054713420438
55.32339290214719,61.1347335379756
72.80566659350625,61.52656184731574
86.4678860230822,65.86531262973983
72.36334672959828,66.46157470157057
82.0943380161968,70.41841604223094
57.96774669652971,65.04772313191647
55.370767696720726,66.92208603449679
56.88001189975216,70.2352674927908
74.41702432972902,71.7514738584668
68.51478117789885,71.47330521462797
77.19097402549136,73.90177952551143
27.786314056330372,56.18438234938203
26.040644796926177,56.88340817511059
31.80021564145852,58.78774856914831
28.406510865420607,61.82802180695461
25.050193834426274,60.72064557495229
21.69026774038663,61.866456248438396
27.942473918466614,64.08686775492733
37.63555636838314,63.187946590741845
38.41752134622042,64.78725700733509
24.167635900374396,67.27556288184527
17.106487419310984,61.72476229516642
10.590065996515754,64.70610479130525
10.117299012941494,64.29253289286845
5.240791630014763,68.33246528528908
17.697652404179966,70.89402704991775
22.178076089153162,73.9515786312263
5.640342831244856,73.82592330889082
47.292490219297754,67.91438188842241
49.06606080067401,71.56401757790755
37.77860063946113,73.01794380183215
57.87289492995611,73.89252072816367
82.357252260974,77.97745201773161
51.23025415534386,77.52441280695024
78.78636102364793,81.9653850096981
44.18366631769336,78.43711543154936
1.5622392852242353,78.46197419003536
6.8931163158000395,82.71277188221579
74.8054262148132,83.35544093593707
14.345415025517584,83.70815439215444
132.7312861561386,2.2170452031536967
140.42484702973985,8.211802775408222
133.2081787372442,8.962265943413739
138.6009311535171,13.441516820731602
148.42328687348243,14.746523340096404
147.92572706602235,20.624618574789242
142.79804384160008,22.053886139153803
145.93670107784996,26.873068151562926
125.22400888957853,13.950572309304617
123.74221428719339,16.860663961096556
131.94030505652395,19.77949978703235
117.71107377914848,15.20377391698935
119.55587014377284,18.872663949834212
116.31828575911888,20.387860972476926
125.80018503265367,21.737391035028978
119.82144738526794,23.20383876114987
121.64720232918528,26.875629144616802
133.24862163734346,25.8890502279154
139.08243079338794,33.43999774684655
131.9921894214773,32.160472741284515
128.56741626559244,33.86533267440519
131.8874179124603,34.57377930689975
160.97729103489843,22.974836551770416
166.36928950809755,28.97716070225467
155.4838846336309,29.096275694557804
157.71818193647593,34.14289065919609
170.96429721930107,34.543024777580136
177.6453764681809,40.93409692800574
163.0648086695894,39.58822311692396
176.46082878827383,49.23745521461563
148.9016659670317,37.827648058042094
148.73495624258612,39.70123826229068
143.76118989651036,41.016125998996344
141.60487779692713,47.68101593194239
141.9680547938396,47.523443558688044
164.5093965251675,48.21869295229175
168.3807671377802,51.813027137211854
179.9261036995366,58.59281147347942
156.0671860913653,53.69125398807715
167.6037879258378,58.31937506522414
178.51182311009907,64.20949060277721
112.51914073323097,24.27700668875916
111.3948660501451,25.25801084346896
118.54633169239885,25.634298047292315
119.49465124342822,30.708716035490674
120.01345519806624,33.21577275998625
106.61520682032435,27.40691399866994
110.04599192772538,32.000873508874996
108.16190384048835,32.187146455239976
110.19965313901666,33.24719988458829
110.99308862768721,36.40526733535654
123.77099654870065,31.198842406576375
127.64535331270193,37.209879073350116
123.09449634092482,38.6587660336865
132.02808988905701,42.016366204892776
117.89471961198768,36.808773141873
116.46316872676039,40.1301146819004
124.74117943983595,45.665745646466455
118.26863763385573,48.50573978680933
101.96187336063811,33.16000368698759
102.34745363647042,35.47824802142128
99.06631529523703,37.320937007382696
107.16174457542951,36.922631572420464
107.70016860062488,41.44237101249416
107.24519684610755,43.38906824928242
96.87668783979659,39.324913151367916
95.93758981775794,43.26210264870407
90.68126337033398,43.789086735307976
101.0954117908964,42.53105701551163
98.0582724898261,48.11727079591934
92.08050160940195,49.902320487147556
111.86358612904685,45.44025285575614
108.1727283908688,47.3765307331338
105.7178581394583,53.83092868500243
116.3200008356683,55.64576069622919
113.26015910903487,56.65089399747367
98.45742787396408,51.6730776160376
96.17170834404189,51.86398636891999
90.10370954658421,57.998361109584046
105.27741447393178,58.25986061952307
93.81114390381391,60.94738765403615
136.5023723525872,44.094724055889316
130.1032322435166,49.802500366515034
147.56295179209155,54.82661397081391
143.35496984745598,58.63332979021135
125.90078742940291,53.302644741673426
136.5233033972317,56.85487082658936
126.66571162751693,60.89313395452344
152.24299558076206,59.9072686342629
157.61029294250412,64.2574760641083
174.827389713169,67.93260584697123
147.43187570528855,62.62543126110373
137.74314841826066,67.46414351085043
164.63108485485986,71.58126273315744
167.5702462230511,74.51914977943422
121.23751388313796,59.20464983526915
112.44805376750259,61.502091967067706
123.78255471559052,63.745870768731834
120.88101907766584,67.05008209244025
107.35303168894403,61.50167997831052
103.54807930824549,66.83465627935728
100.93174552555932,67.24374268817981
107.03570792802512,68.43738707970672
110.04071515960204,73.92067002242486
104.71514570182157,74.65058985878774
134.6682138905418,72.2113999812578
128.57608930809295,73.32569513212732
151.33471465349328,75.57642402007116
153.99004422455081,79.46951208932133
122.0193407541344,74.17658372769824
115.12634598162502,78.08290735505695
94.73105095266381,80.70944957766409
145.76541018975468,81.56752551139175
119.94172297654347,82.08496274483414
139.34761826878668,88.31429012170635
231.1454440238506,6.515497036972242
228.51679048089977,12.487811161957039
226.45217936265635,10.903318725333692
235.84288951685357,11.71095071133436
233.57488544737137,16.964112861252545
239.5899107075318,17.511182529282333
230.0147304330489,16.439363705959465
228.52714903308572,21.714488399834785
236.0581040701995,24.532887047821053
214.32150686195004,14.188392718670988
222.70211348778292,21.023366355317957
210.79559148621456,21.14133338399819
214.25700187660533,24.497150255898344
227.40605847934472,22.662904406450032
231.22984130555673,25.721372047347675
227.78792165042452,30.152799008834386
220.1187841121126,30.52032889177115
223.6152417169471,32.86461109743802
226.6328293994509,38.98409329530878
252.00669217662588,25.42497325869069
246.28349687361347,26.32641766301273
255.7902849067726,29.2280109476961
250.41256004528154,30.61168421064669
240.35150856955133,26.478043715290873
239.35353837812474,30.365629008248145
247.03767047685258,33.521524273071385
242.8016400951885,36.021263168665676
260.51713368345133,33.510089479882716
262.6065146505542,37.1807058743593
260.20880415993264,40.132392279765526
264.4562356576407,41.156101359620855
262.9711089414586,42.1540626424035
268.24361077130385,46.923520959409096
256.7358791792545,42.6533380473784
252.3419553912199,44.891416917843365
267.9040554602682,47.35924075474435
262.6456879451274,49.67653485928892
235.3371265320941,32.83342289023544
235.70698963327834,36.78622537529943
244.86654517488256,41.638399803484404
240.5995612324666,44.967576483061116
229.25632185871723,41.00876807522467
237.90055398791,46.80577875097013
241.0558418186602,50.4991641729179
254.27261893069436,47.578651697574436
250.99944673181162,50.594778745312226
267.2903753309795,54.558260072069466
267.26231082622684,56.56070607231695
249.8473553955924,53.326373620532245
251.60336476202238,56.96216375711843
265.19258492583145,59.56663841911034
259.9469368713801,63.295507238732654
206.29861088685956,25.497803294539143
207.75137400699344,29.014353866757272
197.9807545249321,26.459144613932942
195.335101710036,33.2826702293572
198.96644477124806,37.6168338931064
211.12270792331375,34.05237795731524
223.3157970527389,40.81674900085765
207.83461950358898,37.78565137674837
209.56343020154256,44.90893843235596
209.80287555447407,48.98297909130337
194.05166857858012,37.78647085783272
200.52821679632234,41.827795258590186
185.3533068586467,39.66750718836532
187.83727650573317,44.08705662390291
181.9983568232176,52.72080245204145
196.80678005831572,49.88361706450885
200.2820800602804,53.206492538914816
193.73833959482852,51.93285093994963
182.51876341885858,59.28408608399583
181.28026046002176,60.417338833061436
228.741248225294,47.77885638300105
234.1575806810674,50.459504813997526
228.45848594650656,56.409191610804015
221.1996044611605,54.32113056629595
224.40909846680339,55.90675291436837
220.93370806933586,61.31136945078935
245.12324479452795,58.06331239569169
241.85722198856413,61.94444570713267
262.7139408981672,65.17303998399845
255.27687558937902,68.6776058607291
237.5334050438412,64.79972482709326
230.39700634818092,68.87380894816633
250.15725800277102,70.57094687130629
241.7834531543015,71.64388975577774
211.41838276102067,57.94025325512781
208.68702588138086,62.37719586801784
217.94542509408987,68.02674424268811
198.80006047091624,63.05484927389582
190.4658852589887,67.25520478096992
205.48908374607655,71.56850930048584
189.50150374682826,75.86925369144397
234.25908651343207,72.91684177199444
231.38093547173645,75.99606659269575
262.0634348243364,77.21795187068714
242.91206784891358,80.2156173213498
204.10991320261022,75.54218500723256
187.68984521874626,77.35284098559505
232.4644866395277,82.26351469497676
205.29353362325367,83.42479738798652
315.4478970407668,1.8868540998313328
311.3136710326702,6.216607361096955
324.49724497120167,10.971098762884521
307.5589090477066,7.249904390561917
308.32830173933525,9.306749424530251
309.18607348319637,12.200204902775758
317.9043562757722,15.982353472439296
312.36585089828355,17.01818775029706
322.8715240059801,14.536736202682304
332.2462939965422,19.192084727581786
321.57835577487987,18.007767823509106
320.62160644645377,19.658598800856677
329.39605444696184,23.55048976890801
326.0854413802215,27.0889092080498
302.7719306372397,12.312733951561915
305.000984437811,14.988505563164688
299.49262941606077,14.015943292071823
303.5798499145416,16.681147870316924
309.2227242025975,14.890051139453849
311.0962941649573,19.52599600404672
306.8314708689293,20.31549511543198
308.45361782894156,23.483818364300824
296.91554893959767,16.20263527886052
298.19094003818844,18.39245548147171
301.95219879403413,19.839795418939126
300.438118256281,21.324918709072488
296.68430960229017,20.653368261992746
297.473912120184,20.72197941081224
296.8979806368841,22.52710979218634
305.8738531890703,22.149979762901523
303.4945988508993,23.962494369876456
304.82002442870595,24.50854017633189
302.3211128771402,24.48165831324417
300.4826927860988,26.715948917567324
303.0645711139055,27.15569744152419
314.08637335201445,21.321438005020788
317.9404735290531,26.860583484306492
315.45231648051976,27.505118157765775
319.31931174734297,28.202729506617956
324.0409507095602,30.612652704382675
315.94799496864374,29.219745373416146
320.3922986262124,31.843864798110108
320.8030649987882,33.516842843166884
311.1333882749595,27.865581165332774
311.7047099950055,28.127876453564685
311.95628158534043,29.958260813721708
305.61850171718237,28.240514553103875
306.69022856401057,30.317536685059554
311.3875254011499,32.20130400781467
309.68240394249585,34.1559875638836
316.76963421315696,32.76871066896846
315.23197639070287,33.8786951724387
319.3278755227406,34.34161178843661
316.870170051725,36.36936070974219
311.49792646919616,33.88971056140374
311.0500351508315,35.307067171644015
312.1517157848504,37.99727254903667
316.41412526718403,39.76590504344996
339.6842306829893,21.984515283828006
335.0201942790411,25.35150663427526
341.5127798040404,26.209407094305185
345.8177486861658,31.02710011003695
339.3817240775528,31.422202780099862
343.3805005423198,34.78797159618489
334.4955686278669,30.39510954537029
328.9627305413452,31.26461337390889
330.8322457819295,33.73862829230073
336.72908210001816,32.7532018489412
341.2455411443697,36.44042530462711
335.93664641964466,35.912336501558826
338.87073887880985,38.2042093204447
348.5750325160382,32.50993993738633
350.21234801262193,35.28060675589381
345.92174589983887,36.00554216465581
348.5462137087647,40.0504757479357
357.26374215587515,41.41885212494667
353.0750552070833,41.93438783335029
359.96971777405963,45.4950190612236
345.03921988619084,38.31706052487601
346.1101839137109,40.96402665138501
340.7972493372293,40.783806618625924
344.8932637966641,43.615323205360625
346.7893787984221,47.68527000215104
351.8537506779042,46.772163622240335
354.20939584176284,47.86180924705293
351.84901372486047,47.951275555435245
351.2969738619047,49.93595802202774
353.33140983544274,49.73641774238773
326.38224507071914,30.801554357407625
326.9569533077826,34.66909197306471
326.88572180713555,35.548042301980225
325.33339997196344,35.49076208202568
323.5387304866725,37.659743487323745
324.5408247129369,38.737588023877734
333.8798703693406,39.05512849963739
334.9306958408921,39.9506942856223
335.41756921106935,42.39358977666404
330.7730018768669,42.10045745239452
333.64619100816964,43.8222027886681
334.8036747613526,46.520833467021234
321.94018687203777,38.45336967020758
320.83662868716635,39.90058360251748
324.48951540283036,41.84208599567322
317.73761928755385,38.94534167094928
316.6457382035062,42.269480887566516
320.7702635624458,44.7340864022792
320.58353808333857,45.66167574278929
327.51554454040905,44.385951321107804
328.46627371114533,47.11996993445789
333.2940271601388,48.14791586457028
331.94032250934845,48.84488114993082
324.386989099794,47.34380776626122
325.3344887380843,49.00648715533248
328.8507655606652,50.145915764419065
325.87929478818745,50.92968062231858
337.71228852184925,43.33528350688025
339.518101125849,46.35380458623084
346.3603624594391,49.1418659066787
336.573558894684,45.67898920513505
334.9773828097205,47.18349121426446
340.8812116840149,48.25539613029935
345.1015361489498,52.00954190793658
344.8855149463829,53.71252110821814
348.31472611877905,51.41350938943562
353.90002730711325,52.686518829561784
354.4917741108802,54.7453124952056
346.06497822411154,53.00516650574576
345.6234908530918,53.839781973044325
355.3787079542996,56.32820530765867
354.0061646498424,57.75566668755433
335.227864138463,50.69765431590511
334.2576478270339,51.295211085362986
337.19554540059795,53.33412604198617
342.28829124871316,54.25745964579035
342.9479870849695,56.054223981713555
333.0132091075314,53.739154395128274
333.33120659005226,54.64140739215594
335.27105107582764,56.45767420399069
343.15477441776017,58.05924183745233
342.16031566026925,59.46164487955446
345.3491077472782,56.381724958679364
351.9604258463636,59.01835492351225
358.45182627466966,62.128896606751674
348.7593750161247,60.10603796182468
350.91680240891316,60.74357286952936
352.3222277027432,63.91924458661885
290.9288882596749,22.64897625190219
294.8443536538573,24.473296228056192
291.7152753390031,24.910940757150932
292.68447335510484,24.930207426910346
290.49163516670205,26.951647875907007
298.62747044641344,26.22777346283163
296.60393112313363,27.219278012221125
300.9136213312648,27.767743104712377
299.7675579231357,28.975713554671447
300.73956430377376,31.216030472461
296.7496888280018,28.910688000065388
293.8339820709359,29.657649927765515
294.5479512220623,31.095633744718796
298.5346464369789,32.30286258198571
297.9019215818629,32.59524789406282
297.6825106314479,34.81518182877119
288.36259215861173,28.013713071740067
286.9778572939168,29.66074935908063
290.1613894120078,29.9693591826519
289.9388665416483,31.176145249753997
284.8611399790676,29.740301707782145
283.9388035655182,32.458861153256876
285.6814408563061,32.08310531563754
292.68405564590006,31.16989743073281
293.48602176035166,32.89289283304951
293.57263874510676,34.41879593781505
297.0582789005093,34.78449528062276
293.56430585895777,36.158198942826964
290.2908654844808,34.9341042521897
289.8234721212867,35.95796265427899
295.1234435717523,38.719546934028465
293.12329106127663,40.3188421953423
304.29793569135865,32.39894042719429
303.28008684817695,33.98713974496626
308.69856301732403,35.97889714902481
306.2789306130825,37.46563532976408
302.45459843691464,35.12941028343864
298.8220401446499,35.885252053216405
304.43086994722245,37.86944818779334
302.3217538317783,37.40820702890649
309.50240500130394,36.47859764234063
307.9087555155648,38.289869320682904
311.412553229029,40.39979345821398
312.30206413810066,44.222289437375785
304.6760761132133,41.01362871314155
308.43285397889804,43.24398484846857
309.141269358358,45.46644840530687
298.18698279477917,37.95045051265645
296.5547505994873,38.729410865012724
301.93001333169104,40.65788584561004
298.87745947483677,41.167809526624964
294.7221690535597,39.745149285915694
293.339458374474,41.420757559998464
296.74496845708626,43.79716402746709
296.348334937321,45.62955571301351
305.11332238793347,45.57665502727599
301.6756044683627,47.00224715488299
304.4471169572476,47.42494445505638
299.55101286782264,47.11666970788354
299.3340115728704,49.051391248928695
301.70568583532463,51.36975690648537
281.5421077203191,30.95217461951243
279.8002984412868,33.31559681782066
286.08064623563206,35.13166166040255
284.2354293078642,37.41753361053616
278.3599161481285,35.860730939408754
280.6892175403361,38.90993396146562
288.11888033133494,38.79179804864487
290.54442486159274,40.054696849842145
288.004819268775,42.06572975931841
285.18277816202277,42.4812542668268
287.3211646870803,44.00333284955916
274.4580806122542,37.07645780278915
277.6679757469833,40.29090292146713
273.23153217652447,40.900519971819335
274.37236688834207,45.34326648113004
277.4516786190911,44.48590198453133
277.44281320863274,48.07163428717678
272.1540051948974,49.23524758265752
291.8081978403497,42.3378720412277
288.73770759662887,45.80127875087492
294.46040704200834,48.35025400266105
288.2822654666872,46.397604749216484
284.56811055881985,49.77950066090529
287.4691248936342,51.720481495014795
292.8772703248698,50.55831789841847
298.4071754740176,53.70246498729535
295.01717390937074,57.04733526181734
288.00349578771227,56.41529615054144
287.26086135713257,58.349592633052644
280.0695205798422,52.54303776878002
279.9219781616045,56.37186597046738
275.0523438751384,56.94181515280251
282.66619983327263,57.276506443065834
285.1930154877816,60.372792187787894
271.87774831936514,59.89733309125263
315.8700136480668,42.826587621670186
314.8787344416541,45.483827562514655
318.498587939247,46.970053970441484
317.7200353719724,48.95390012833406
312.5765846259168,47.45591310411701
315.66275531262994,49.16117558414388
321.2238898886006,50.38286966962452
323.0870815992169,52.73251336443644
326.67354263629704,54.1704222167826
318.1533418673949,53.12580605698328
324.35406522828214,56.73908916747251
308.05928751607223,50.36352973159241
305.9922848438968,52.740714819169256
308.80837636006345,53.574089930575326
303.9637403657639,54.04627299262948
301.9435547003034,56.21605060311645
306.75760441270137,58.28440701473098
314.92725625377153,59.82605691696922
310.5030468837043,57.76475268418695
313.90738734201904,62.53404951202464
329.21114184496844,55.51558493083471
331.6886611581332,58.816600616847715
327.36312927032554,57.90375921742155
329.6306712137475,61.63864753806477
331.81186090263816,63.18179997260994
341.0227751457054,63.34096350326601
359.1950723589793,68.39813384008903
351.1817048887745,68.55768250420064
327.70716070008564,63.23528538111271
329.1619316274436,65.32909544027929
322.5937210971112,65.09345620325132
329.4085869041799,68.18512577224722
336.19510123778343,67.82384054622257
348.8074253366229,71.54884932989911
342.3498618405602,72.40487185831248
344.74477430387844,74.99163377135169
300.1584402915841,57.52625293137702
303.46073790619414,59.207926634940314
298.5827517775284,61.90044239707136
289.4322166368523,61.34102232211814
292.37991654778864,63.094622445966145
301.04059913414557,63.48841627648037
309.6210098602199,67.66238256833907
301.8860713193319,67.86259472730218
285.72852366338816,63.9488504779974
283.7815790504872,66.35557951059346
280.94201002334415,67.32398909812467
293.49583533395764,69.57795348737362
286.0130186945017,72.57408289614392
284.25593801766894,74.3058248260326
312.28655275909205,68.32730864269685
306.31801174441034,71.52849074973365
333.5783195478269,74.65776357231594
359.08491751399356,79.25241448754804
326.3959745874986,80.39440359324048
304.80757600249615,75.00314759566194
299.55901660009664,78.47784808231224
292.3079285093351,79.15721660023154
320.10251741007926,81.58985925153807
298.56657306954173,81.89424243130951
288.689196776958,86.38944309605907
357.68518434974163,-35.90162226384309
8.259393504057998,-29.074688250676264
357.60374718125485,-32.098634865185204
0.10018784385684713,-27.21182999105162
1.1267121222580954,-20.697035005305207
12.484516505841441,-22.102048310120473
14.257054128734188,-17.95847968803483
4.301203165394161,-18.305359884058007
13.484517186898138,-12.953012888091495
352.51119572170114,-24.023048583883362
358.88330798451807,-20.290487110754995
347.6954317824125,-19.265899356249587
351.7410660746851,-14.620975278104956
4.802683922306533,-15.07154887703255
5.239981619748525,-10.236273063248152
353.3846240241002,-12.644465622851634
1.2891693535861803,-7.367671061221462
23.574555446706327,-18.240519379355437
22.88908082902241,-11.195701246525996
26.4931760872258,-7.6727605659310205
17.53896799016654,-7.724993255192456
22.35855630926305,-1.7167962203301952
33.294074738824875,-2.2086876504566306
38.57839475724315,2.2736133956650195
28.95272968857149,2.345245905246829
30.757868366592987,6.471923923113773
13.193025328795477,-1.992020296132204
6.707281827360333,-3.4354342696540443
12.524083874231401,1.2242208095752014
22.607540503708872,4.356945438427112
27.776855039640843,7.241991642105271
18.692998019122946,6.744035660264968
22.68075964279849,12.770366071234262
339.203039025069,-16.039990596877715
344.28971827958685,-10.469929852449964
333.59961656887464,-8.74737137231726
334.1380671811957,-2.8788070689925522
347.3198687519382,-3.264847046343243
343.19954535016996,-4.6253861338315065
349.06559714724324,2.065788982774568
328.4893086896068,-6.515144148702115
334.78314414008497,2.085362371399862
318.5684771573556,0.18140085631062844
322.0818946429276,4.704986447884013
332.1896635902238,4.660085736849819
339.09932391013325,9.946179816682557
326.72670692601287,9.37213322516069
334.6891685160333,12.319951163588321
3.9733284672402442,4.272989876841783
6.841783877347899,8.142126176204146
357.5513307979633,9.652445000534353
359.43051839679515,12.123464213007558
357.8963605622171,17.278059046085517
18.77137317330547,16.922158567822404
17.874416710943066,22.98915212939282
11.6554680197507,20.21262394758711
8.46530327800582,26.255116077896016
350.90285148624076,15.269547979483583
354.18931288881663,19.183174297643877
354.67207553465903,20.469094879341796
347.2573237718926,18.943815942772684
341.70959038648584,22.69840482445372
352.09297800791785,25.253817211595425
348.02825720710246,26.928838961954785
357.1393111753243,23.51086999011833
3.9286276383914425,27.892872552719144
4.5329938960400415,33.80964135554893
357.0340882271203,30.79227948433332
355.8242305404474,33.655037864877634
2.845188870074863,34.9855211040374
355.4011824509977,35.92267109588006
89.89169802448787,-38.87528326588951
91.62124143182231,-36.09204615146764
87.76543332749536,-34.46762408765904
95.13629497477724,-34.80154910225368
98.839827281475,-32.06985919223199
97.3576560861865,-28.416263838137812
93.11620374984047,-28.13532068356094
95.52940913401501,-26.172093791929196
88.10709430779087,-30.959909028203377
82.21097383935636,-30.170262011783436
84.3166396841129,-27.031153270527405
90.64755770589547,-26.30301291279342
91.83379223519289,-24.21768257175724
85.34630667500777,-24.000643296199133
87.75255066934355,-21.655032319264212
101.9802480105391,-26.63485274286905
104.85459982006458,-26.307953351007228
103.63330882148932,-24.83199782168097
97.28608643841372,-25.885037909733292
98.63391769295106,-23.17616667883285
102.49259209937057,-21.9590515722241
106.66886361554869,-24.363342623357365
107.44302746621634,-21.514970563842493
105.90007492666848,-20.453387653265093
110.85462675403977,-19.72855726791477
108.58244627332495,-19.02610641530185
104.22088627728306,-20.287778722678354
103.57311471750009,-18.657623423127863
108.80832603443247,-16.62990266897542
106.80408444747651,-15.576966232527171
94.96397443482044,-21.449907720359217
99.0820394650499,-19.367992050600698
94.47827506398995,-19.564883793807113
96.82726710782119,-17.20484155411062
100.29759904775823,-17.969680677838184
104.43019434123967,-15.81769224011988
103.52316028241852,-13.564204967292092
96.35840570169769,-14.203416051964558
102.42458820867769,-11.423846953211207
76.88768286985464,-27.592176304117945
80.7384957098986,-22.899754094922102
79.4268203482477,-22.293629780979852
82.24465546503315,-22.347804930945724
86.87347455074972,-18.976580260078762
83.02868467553215,-18.19202592571608
72.43301207888092,-21.647443171406007
72.04792308216291,-20.065673754190467
77.99679277670917,-18.7595221246185
82.2964968994183,-13.820704543838103
78.10980474787631,-11.54093110590506
89.52180973395144,-15.539376469483134
92.38849410022395,-13.037750235076102
90.60116222321156,-12.559970645146995
97.48448163643698,-11.281774579632435
98.31401777983206,-9.661895331505422
93.27656228259258,-8.34857690956202
95.63321825447734,-5.081642589819055
85.17253424510993,-9.313634451592327
82.18378868332746,-7.501729670611098
94.8508095566639,-5.288154893579738
90.36896384837401,-2.887170701541521
114.08681166742112,-18.01313544083165
110.98579072032771,-16.66971180571443
115.66737836768063,-15.800385882351012
116.45987842799397,-13.806046663103627
115.0014612655306,-13.412991193332552
111.90812671904114,-14.486247886792178
109.64469748509913,-13.616612147590264
112.78689459055722,-12.628117905028686
111.82218850876258,-11.774000786344
118.53443549805986,-13.58554587960735
116.3056325416904,-11.675211107600623
122.11189419195907,-8.788332974184895
116.5552634580679,-10.63425278926694
114.84728982425507,-8.947750779716436
118.71899461816939,-7.33486542338042
107.40427268618913,-13.015929864330088
104.9117069704614,-11.523148842545506
110.95200838224662,-10.243818737495623
110.23698857984851,-9.033758280624319
106.40852466900789,-9.751614850534988
104.03301073852924,-7.281429992106415
108.73550431844554,-6.532961996958937
106.62584597694689,-5.613246738315308
114.45465406610663,-6.706469137329889
112.6048787845132,-5.586593253490899
112.70239807913958,-4.775223229815273
111.28758387414679,-5.74094599742086
110.02829002469196,-3.9145165728288105
114.71069724492519,-2.7807256335005537
112.50511116507555,-0.9825624151311233
127.28964760449325,-3.771553760905373
120.01047020137598,-3.4885502858271957
131.25000899647785,-0.8494720078222388
118.92602479374362,-3.4636537290674747
121.24268293208726,-0.35948150218178315
116.86859056614126,-0.6037014414641807
119.59596468129193,1.8109802051062895
122.56495730060531,3.283620769722116
119.02124205409747,5.178980782821562
100.47469878745328,-8.032365708195208
101.35211539498198,-5.997212086788456
104.58064766054254,-5.1969688952881805
103.04049871025052,-3.3030844235463173
98.69737138118882,-4.29889274301594
101.72752341514554,-2.4457849790517976
101.20977150316482,-0.042625228251073344
108.39207778609946,-2.077534604226444
105.98805762250238,-1.0156476212569274
108.59474397988895,-0.7035257353977622
103.42025267748991,-1.6723818086476925
101.62457024768952,0.10506875683328033
106.96394532606251,1.7708422430105104
107.9036730848376,3.578762053136713
93.52999664062646,-2.209277358440705
96.73477127232118,0.10514331016115035
92.66303436249363,0.5928219269141494
101.60403028496594,0.32574582351486925
100.59780273112952,2.3322780998466697
102.98806265791174,3.321246087645307
104.44692073116036,5.119138323446364
99.71468036981749,5.243477327799351
101.1901252322013,6.6172850143857875
101.13373089351715,8.66723799035678
110.93267868381113,3.179366282038244
113.97580678431808,4.433486030438061
112.08235748314887,4.802789176595249
112.36616278403609,5.253525229594022
112.4557416293368,7.938618458216321
121.21859602231604,8.577550611805435
115.8312263319641,9.723334903807048
116.25005218848817,11.323820878673137
108.08557009205366,6.943787392767729
105.98573896628842,8.688074603442203
109.0571326714712,10.074716474113009
105.31127522216339,8.952852815269454
104.34717083937859,11.436323949713385
104.63554122320225,12.506761328059621
111.83608264170283,12.018595420840796
112.93080832360434,14.224198223790575
108.00415805377177,14.599050095181743
110.28543190440757,16.945939757540984
70.47683651624324,-14.510604345066088
67.15371574346028,-12.151781569462392
74.9857612656695,-9.740095873225412
73.93001165173214,-6.64309044020523
62.601569602824746,-9.338430327031416
66.95648550254633,-9.044361333422488
70.23764697298228,-2.665021067370665
79.28972809775655,-8.029654377680465
82.60863713269627,-3.6111221398883386
80.91520877593845,-2.307339216051107
86.8116748189302,-1.0032161989030537
85.38326829829518,0.9535364569182755
71.96862998107575,-1.9032143488456903
70.46140181108343,0.031901426664834004
72.18592987737249,3.5884617763411377
83.00874172858236,4.598365713917506
75.81102458050748,4.928677644418788
54.54329254495668,-7.483305351676605
57.14420587610832,-1.9259926663352993
64.85479665656551,1.9497749791188739
53.74424355912074,-0.8008291393476815
58.604360573609654,2.276798283864706
58.39848538069863,6.997014221494406
69.26473040273962,5.338875144527443
73.24148944529948,6.555997348306353
75.79449072396952,9.81196308231555
62.79755184636154,6.40326249029268
59.756542834137846,12.335307964696138
68.8344252713622,18.257869423035487
90.73004132043889,4.358654079756674
92.24124195270184,6.711846039935208
97.56521850833306,7.620665204887865
97.81034402136818,8.691385415948794
92.39877472467003,9.095031766552124
93.00780562227503,11.701171040379366
94.66259737774234,13.349350417448683
88.67358628697991,9.266434152154732
82.30104938482114,10.33317697645407
90.45629676044688,11.078739607708535
89.04891731103409,13.165261426023052
90.04016317110606,14.49527220191746
84.87572473565601,14.459598752261988
88.4716450236603,16.845259283404236
102.37489123450592,12.044514915739324
104.24303929598273,14.012409160176407
104.05222767459395,16.10981327269309
101.24961890649416,15.374971157785545
100.07848643917235,18.3238377658041
106.09031253257278,18.102568280535504
103.99516395330441,17.426720458242375
104.70304175120705,20.748980591679718
106.24422838192498,22.880914010029237
95.6988989253244,17.806090712589057
99.21404306832483,20.422329115817718
91.97181661666646,20.177399105262783
95.5075977996466,21.968956000769897
102.00260270989355,21.784526655984827
103.7594654898824,24.089610958801067
98.02447467421125,24.155614004613465
101.52986510250918,26.719074248308562
77.07763404990538,12.195529583854913
75.05995583122466,15.622191596352312
84.83453812952328,17.730999260707023
86.49899654875894,21.06970395263613
85.23790553447633,22.270496517205448
74.47608326247877,18.771456513669605
78.58165582817841,20.280044841608934
78.07612743636547,25.12039169822946
92.33848274769554,22.16605759729977
93.11257277116542,23.91317251551977
88.23625985070538,23.152617251775954
90.7996817178924,26.03072853480441
89.61770015574069,28.5432210719658
95.16581655525249,28.249883125529255
97.04802974680568,31.400400313454362
95.58417883392922,30.083682360147964
84.82208427493819,26.505273583394438
88.71127072400948,30.322307233266276
80.21683925147677,31.035346417958223
82.53612734983201,33.34641460571504
88.08324792625089,32.67941928564331
92.38363817673067,37.51201513530412
91.03232051633232,37.28726874387091
182.65200422053198,-38.751628994803944
183.14090868360378,-33.29126752880473
179.54617085635576,-31.89390321252283
182.59632363186083,-29.23742863055675
178.32788707279792,-30.46142179074267
174.01876090325405,-28.556722279876542
182.79164461414945,-24.256636456827884
190.91691437542426,-28.158016696834192
190.41322308947395,-21.683040497406953
195.34349278329884,-17.882068125750553
192.90493984418288,-17.429902404016126
167.68789385219932,-26.623967720056278
163.57476014655725,-24.929391943707472
175.2782268097296,-21.168509065876993
174.59809458019524,-18.03638679962851
166.26181540717639,-18.48634991342276
171.98155335508267,-14.92075375350191
178.47475201162928,-16.345257629871615
187.1311761476011,-11.270524506849878
177.53321162752195,-11.04506261157124
179.66763234604602,-6.161996436469949
200.9798843654229,-18.072438354354695
206.59506494254236,-11.687479971269347
195.60675761919327,-12.864909911871573
204.67746747828764,-3.864116946662034
212.82178953119706,-4.366310881805526
219.84351067464505,3.598209302936309
212.3394233910844,1.2076658682166368
193.18541587224448,-3.1500174862371844
196.97246868634323,4.034172320070951
190.0577728900006,1.8250224994612587
201.93659271013456,3.874054478545742
211.7734139913004,8.62626416350444
198.26620060073012,8.860564301280819
206.52577851038646,15.226391251812391
159.2514786755816,-15.628324020285241
166.98422905822878,-10.29389139749148
153.00180394183772,-9.403581458666778
159.8419645561693,-3.348596977803877
165.85341774802478,-5.263802625127707
176.33208247568092,2.5389049197704168
164.37220987107085,3.4927474728473635
146.6155593085246,-7.74309903067126
145.10144477426107,-1.3868666413944788
140.51460183614898,-1.7569621101967083
149.92444822588035,4.563307797009688
154.18095186692608,3.277431463674854
162.3775178236593,9.21868608424585
149.2541740719415,10.362810636188014
181.13656192769224,1.997774549472942
185.49071908267246,6.038545215566
186.24706988363394,13.126686561288135
174.14138936110942,13.345083480249189
179.89356490978355,17.908235944019694
191.2708527004737,18.25319500768764
184.55782260777087,15.74958037638337
185.61117414714363,23.833472786772898
189.19828420947283,27.94693816974149
167.65095251518585,18.094311696193095
165.19550250506694,16.834954676131996
167.40396666150298,21.53480278029354
180.6099449857517,22.831477255420587
184.2545534686358,26.48263974278543
176.7294624647417,27.039546845631243
179.638135099753,34.52167409055651
270.5238340962659,-40.58577333783883
267.84686907002106,-38.89143060391321
273.0876513470133,-35.54885608901986
268.84197218805053,-36.853390071559765
269.834206151,-33.49122701808599
274.98957390461567,-34.379204931021
278.48536840888556,-31.993355072472315
273.3778419340495,-31.07541723892144
275.2589457918488,-29.040341933698677
264.78834345579577,-33.71937255010827
267.5145882705222,-31.396324703966787
261.531570958611,-32.270604733039974
264.92024060075147,-28.853416424509795
270.84196342412184,-27.88222540906556
269.70973363813727,-25.410111981554152
267.01866968358274,-26.690271795515535
270.94849953137594,-22.025591278929742
281.29661933079143,-26.016832052084688
280.45777318146514,-24.014295324080074
287.85038337955655,-22.977041695998235
290.21438948415636,-20.100564279940105
283.62621478124447,-19.95596644193639
288.26511087045094,-17.65729338948046
275.90366334499146,-22.606272789853655
278.67994374810365,-19.30617832490335
274.49330446925416,-18.70251504323042
277.03655271587473,-18.125859435123683
275.5855358593229,-15.40792597635146
283.80697755969703,-14.713400703969096
276.86657799761525,-14.63756757501289
281.6328326256012,-10.188119621741329
255.2133998194695,-25.991165607409506
258.8874580634048,-20.729042450852027
265.97097346382196,-18.324071997439226
263.8827696645345,-16.510638148524272
255.21517202247344,-18.03242101202364
257.5703598616994,-16.11982691546273
271.13919814025274,-18.223544844904435
273.7425038192605,-14.896474558664002
267.2976105702864,-14.269199691343973
279.49080394466665,-9.988352938514705
264.7963768290738,-8.796379072678965
292.97547712755505,-17.61406241898562
297.44326388038604,-14.339736566001774
292.14572862364076,-14.313156553962719
294.40688826722425,-12.459915459864426
296.227861099478,-12.484333258401726
294.51925617953106,-10.953165551749617
299.5276863960276,-6.4802648414546935
287.12384322311095,-11.185530132907736
288.107756242715,-8.720550232954151
282.01960555023715,-9.012464092525333
285.54222047180457,-7.479829409342903
290.93266884961577,-7.2752879496242295
289.2938478486513,-6.060113430014312
290.73639061329976,-2.3302197629181225
303.22529929248634,-5.398059683715358
304.02525101495087,-4.008658066348687
311.72437886468543,-0.8240247503877399
311.8048439512393,2.117766414069115
302.63938552670135,-0.11727742028991159
294.43038042125283,0.43016913818897345
297.2948822332359,3.656599891419127
305.3568549007198,3.592655551520947
302.6817283585985,5.595498787482709
305.3367976680396,7.183785175742885
282.7447996652045,-6.866980101795737
284.81479134788475,-4.737147375636515
282.18402305630633,-0.8844573554104649
291.1785413065381,-0.20478030263508984
282.5165983534185,-0.30472490959554344
286.26623987052113,3.0771977672034647
274.81657696452424,1.977242190416054
282.8198579521626,4.2472001243586055
278.57370279213296,6.905301002841127
292.3125526780291,0.9811252225822146
292.8751945655897,4.114241684220888
295.2935212959914,4.97124471871533
289.44833283195686,4.912050443695108
293.2376084199216,6.837308519655805
299.1984299273995,5.990516831613675
298.0396718639461,7.460326955697933
300.03283340709925,8.997251277756208
294.7057322654327,8.95541043990905
293.8949434319259,10.455499553290721
300.85508736728735,12.05281807243331
298.24388744058814,13.262938303174021
290.496377003707,7.910533882334986
283.59374288452403,8.247129309317454
287.1750612143232,9.973277992527814
292.2288894772455,10.448903354223162
293.7527051714501,12.48008964689822
294.8462853163876,13.398392885150637
294.42836393327866,14.360429792662506
290.3747783178603,14.482885515336502
294.07071587915596,16.66170817686004
247.58241602161456,-15.162751303294192
253.0105752454339,-13.527169288755445
252.0921354935985,-5.866508113897469
238.55538683961805,-8.961899213671266
247.93020571380643,-4.63672098255526
262.24924793136773,-4.058019204661923
265.02764298513125,-0.15025102971271445
263.6672467907939,4.05614160872476
252.300678495136,0.22787579178419773
259.21685242756024,1.1875478156734487
258.95112939532595,4.692176537990087
258.7118706190719,7.004810962271153
236.5551638545552,-4.69915766754756
241.98440696355294,-1.1609790213454139
242.32027474555898,2.519302192989025
227.23601689740107,-0.2758617369733513
237.00824001620015,4.309066892800457
250.0412223602009,2.274900096467817
244.00765422679308,3.4788794591368264
247.130409718214,8.925131388547792
255.07426716205794,10.668329644944064
250.84116501150467,12.434890294440134
242.26864206629878,9.637831229772292
242.15148485046925,13.907450555417515
248.49017994544772,14.434503979773874
246.7724755695303,16.397762293227466
273.53506325913906,4.228455659176984
270.01252220656477,4.819145202268031
277.1624869267898,6.789584519102174
277.72730998892297,8.078387617568948
277.7571481437627,10.312519939993482
275.5130389870695,10.076758518135302
264.6004215461996,5.125103049023483
267.49322298914853,9.034478209572345
262.8010248591485,10.457308922863655
270.3934527966113,10.30834449395346
273.53711418973796,13.630896274322287
267.56986175806594,13.476553629344918
271.12322087548586,15.964861515875423
280.95133198046443,11.313894529650913
283.18440089359444,13.541632434373728
278.0156680363939,14.040450688476975
283.1320129179872,17.2314678388064
288.4360864604827,16.235671484282726
290.58756291741673,18.834893375855525
284.3609317080827,19.46941755813567
285.91632508933577,20.756183772481787
275.70666272915315,15.001720906339987
276.53833782777,18.462338307034777
277.40826115609354,19.565676418876663
273.3252195246078,19.597209429703337
277.2379053032942,21.36983005784201
281.3483140122876,20.171964612628692
278.6284284227942,22.06878502866289
285.3073033548436,24.18126173764792
282.99738596608427,25.840379045114915
279.67353491951417,25.25980151410116
282.36664108206054,26.033017026371713
278.7694020594673,27.059396363598488
262.4375327889033,13.577750207542913
258.4326146231309,15.02336962148073
262.5488707776277,16.35813172954331
265.4770111924551,19.499375670356333
262.2376778482638,21.334698776590976
263.6743104882755,23.740826405498755
254.13618921135492,18.618232666086556
253.16648184623557,21.59807417797284
257.34589555951675,22.88013194379244
256.04493476207256,22.23879787164229
260.74144897394734,27.828635713824642
271.64733360191264,22.935999953634234
273.88407689824226,24.38990148388477
269.6669251102364,24.36514553777858
271.8059450313418,27.484879386159513
277.4696512623685,26.45269233583445
279.22690173717046,28.07272613582095
277.1930837690305,31.27575795655402
273.73537535222897,31.350926941489668
273.73262090973145,33.32049019581179
262.27710156588574,27.768628281327757
267.5663614407374,30.697905003441118
261.73565536011154,31.973534778367746
270.3156523104018,31.13977478650856
273.72465090840797,34.09517571666793
267.0274708643096,33.24036519037602
271.34558577669543,37.58152423042165
24.830438325273935,-86.98782107516152
19.937373193263863,-84.36441714383942
40.70401999734476,-79.45775426636526
71.8971532031951,-77.87243907144145
64.62784411493801,-74.14038818692569
25.688818280757797,-77.9689219688554
21.347133771362895,-75.59959180240091
51.73903765395087,-72.6317515293671
40.57569740194961,-68.90400748264852
79.93245961839806,-72.81781183662842
72.06780795628731,-68.96336466351937
86.9409005958149,-68.68290530567755
71.67394786249552,-66.39178205992738
60.10993098754732,-68.93595003694124
48.32153711093361,-66.26616347346638
63.300629499417774,-61.47114513112316
64.32515967498726,-58.54786200188055
23.5967087797099,-73.62881690695188
18.319137296671837,-70.88104840949576
37.79034694183208,-66.1311781299284
2.702015058151805,-71.07775810138249
8.040287063613237,-66.34648418207647
22.68706549859224,-62.83497434889784
31.496161849905658,-58.052845010634776
49.16839466066908,-59.91058270436591
55.22596150047914,-58.41158995453459
47.031115461363285,-53.19041262213849
43.88563260099924,-54.65813078664649
45.709250385537224,-52.29387189659698
47.13333589972903,-44.31422352208191
89.7336060286285,-60.70610149731163
80.21374059752908,-58.59974637747917
85.29202728987622,-57.018721247404706
80.28198069723456,-54.976040010374184
72.0905867895596,-59.26469287423083
70.33432259367669,-51.9132061167058
74.39602069185744,-52.99779245905399
72.23638333128221,-46.545059044674645
68.25190826538753,-42.48204150255927
87.16837592570019,-47.08451722773728
81.2359800934493,-46.45801408644327
84.83781161132715,-44.424857866817334
84.12471228191141,-43.814677000831935
83.3881759270189,-39.71559179609364
75.74678801847845,-43.18527065728575
69.49859764969865,-39.74104989824722
78.98457870546092,-38.10763827619194
77.23114687712466,-35.70366107943512
78.64538414131447,-31.217632491554905
55.730426822546825,-49.754835589445285
64.33533718636642,-44.20965277714183
60.29939229379676,-41.259774444462046
50.36537152456733,-43.86229099217301
56.67142878454847,-40.8516299314937
52.595553302103156,-36.51387274856209
67.7244359425705,-37.27466573431473
64.48275737226437,-33.59296368069126
73.98372760747073,-31.143085566517172
68.20847068423122,-29.384058680987554
63.3889744408581,-31.558488622284624
58.76459134649297,-29.396521535495406
67.87759591114714,-26.900466358967794
65.4928715538652,-23.869700480362447
11.110089697417125,-62.214506858429615
8.898690036299143,-57.574366438842006
19.282723127565095,-55.09830231958219
5.650020115430127,-55.71632383016686
11.30385950788426,-51.05507357528953
23.715317860092306,-45.8704899379162
30.325230729220635,-49.80738528014004
32.13490955955321,-44.2035089724666
36.1672473143031,-41.49089296315179
32.71833850327268,-41.63646431687918
35.03798449136389,-38.60986397708666
34.61616545511134,-32.5318580257926
0.16930647826298653,-50.12397871623428
16.619904969800466,-42.21516896776585
0.38404756915966626,-47.67087660436957
3.1938219942586286,-41.07944163004747
9.34411628440763,-37.42465187992422
24.130218255571968,-37.264491114204276
29.144423214609553,-32.13829961693007
26.102521896080898,-26.601954042175038
13.481350312210605,-28.80492973375823
19.912673627025672,-25.390649704718918
49.03856479599711,-36.33902524843673
51.135171622742824,-34.872732712339754
46.50494078833044,-30.35303085825032
42.86957091684061,-30.595466162015413
46.588451633926375,-27.934327249064957
44.44303591628422,-23.39931924417091
57.87340547466544,-24.677074699094263
62.541297285387905,-23.437234875295516
58.89508658913927,-19.89977141634921
49.26716340005094,-21.531396150779543
49.02565185801593,-17.898542935448436
51.63097049613685,-14.359291452618903
36.4540560806924,-24.480067114619462
42.20479885580163,-20.19669598138522
32.09112048166972,-18.64099732557011
36.56130652442185,-16.18875835384415
44.2500310887208,-15.724457707275565
48.952895050893865,-12.509557956774469
50.1036858379134,-6.58702191773967
40.17929916558931,-6.357475837987854
118.53557386305745,-88.51774607780692
155.94071345012773,-83.9315912610957
144.67400672232398,-81.38762878902841
158.95067451526845,-79.9774049899407
140.30149926683004,-79.08940776461662
103.53379131964581,-82.60569300704417
124.79100350699456,-77.82590651200447
120.82652768364237,-74.74294807357933
136.43524375452776,-73.82585754338155
138.0644671899003,-71.11328273569445
131.08888669919546,-70.9677139912039
132.04758190603633,-68.38630447449508
165.15044355460768,-72.98363733043782
167.97101225657758,-70.2149075364298
151.85566242338848,-71.62944962851054
162.25943559932475,-69.68741891235182
158.14083403793023,-67.43703613731309
167.84117183773662,-69.55894483063818
174.32704487068267,-67.53246828605968
174.14171018934704,-65.98349507230999
167.6912201061619,-66.15419625381405
166.67612000550622,-65.75493239838855
163.67659819719523,-63.08655499079657
162.96301164342796,-61.05865798408329
145.73613131142235,-68.84141701223874
152.60199017296728,-66.75202941813784
150.75324239847535,-65.83827106679603
144.4426741534992,-66.3819599639485
147.61117718519506,-64.67475493315837
143.0148609727608,-63.423286626162636
154.61239027879205,-64.3010893268085
151.0587058369597,-62.81465170711069
159.5816591736664,-63.1570941170796
159.98229238707268,-60.71539748225167
157.1781838005369,-60.475147835515266
157.7379759533089,-59.406673528163736
150.55746826443743,-61.51066299252902
150.16281244806365,-60.17474487356776
145.55012648636455,-59.172495012356016
152.42245057855408,-59.60008663530867
154.39914746710912,-57.617023895611034
148.40317628291925,-57.3225781595424
149.73500930399288,-55.074474146452374
108.4859775619852,-73.36865650864877
108.3937317050736,-71.49466695302787
122.97764377412953,-69.523566312844
131.1780910691942,-66.83522201855313
120.89254569641365,-66.82870258956576
128.17947168444192,-63.18055237470848
101.5654387563597,-68.30384659322202
106.63621755485467,-65.99669436665424
104.29990886203764,-64.94936092824352
116.14192610048448,-64.3271386582116
123.94966537665431,-60.96642867315879
109.93779265353454,-62.20289108834343
118.49902174807701,-57.69946919763942
133.12075674406722,-64.75500006755223
135.73487183524318,-61.48720684757004
139.92667017803507,-60.284519660347016
139.40139650074002,-58.726585236990736
127.08034653240254,-60.99152114144651
134.63886154804175,-57.693712330191914
135.11805016169728,-56.40918343439752
145.5596328200932,-57.73942457074318
140.81540671118503,-56.57062795435714
146.98699488990113,-55.8867690001465
146.56231770634557,-54.15973894627389
145.49418479896022,-53.786937609327204
140.7146772220229,-55.61938208174486
135.95253423413845,-53.913712755774
143.42263840671023,-53.39586134429651
140.7820101372107,-51.8883055911782
126.24015630744572,-58.19045300220363
131.13445971863624,-56.81508404801245
130.26905042388194,-54.8296110646726
125.49068695550964,-53.59183697072616
130.2263793548608,-50.393874372819774
134.4239507240287,-52.46654683835044
135.70141427163244,-50.50498155986073
139.88339442650783,-47.26540917725755
131.67029914111882,-49.557205630341386
129.5203607684477,-47.409837468033565
136.2973840279622,-45.85237351821027
134.92912341729829,-43.127281338600994
177.5955408763428,-63.46934088675644
172.22556492776158,-62.54748159580428
179.24341665122537,-62.822047583476945
175.5037622199996,-60.758378572326286
176.0846551591921,-59.26810914151947
173.9159121949755,-59.106173096043364
167.23591823027456,-61.85569273693636
168.03411382852505,-60.621831055800605
164.8262598662229,-59.759437591708235
165.29223691092022,-58.408520739303434
168.6188683842569,-58.94252890885365
169.03401574129398,-56.95220416243531
164.9241675120274,-56.6936059742075
179.4118842325147,-59.56670337627891
177.53071492959845,-57.31911402480901
172.51410479518293,-56.544606226996756
177.96142351160984,-56.04998870677441
174.91737505159443,-53.940044362893524
171.9158740525027,-56.031432104916554
170.0391835591785,-53.2822292599552
167.53300532339324,-52.7380257468822
172.38309999792753,-51.7549023361151
168.00387548542562,-49.61143844981396
161.3966754634654,-58.07603688145158
157.55103408883858,-57.6199107788171
159.19288158520158,-56.020934321897116
161.9258492274646,-55.688975383753665
162.46004023470448,-53.34147001073252
161.43636756113236,-53.326186991421764
154.59994686455408,-54.88038552652226
151.6920032747027,-55.32084356628178
152.29009362181725,-52.61860063309085
156.14597180269158,-51.13528911623854
153.77066134684543,-49.31231141639947
163.74108123597125,-50.530838368668796
164.2038676857105,-50.0245453639183
163.13876604531828,-46.217211293405
158.21623058312366,-46.83712204322737
160.15047630808857,-46.42837991238086
158.97554593820644,-44.05080675554998
178.11526002644618,-51.527052072731294
174.51718341820816,-48.67582768688939
174.08513474275287,-47.69515039232549
172.46613190689246,-47.7324560241905
172.90868132229218,-46.08703328397204
168.66463976941304,-42.357715382258704
179.2829817480142,-44.01197096872924
173.79737539429217,-42.52643021123463
172.55720393413554,-39.413756108750825
164.1941850691902,-45.986352315559145
168.1113471085557,-41.60584791566244
162.15016673838136,-41.69005179930743
163.12814916447826,-39.56042589555131
169.83796521287005,-39.37754166617957
171.19785904050917,-35.29351624790674
165.88379883206693,-33.07132354029597
148.4826126042252,-52.907063850657046
146.57324596037324,-50.750609705839004
153.6331134468396,-49.07270043550315
151.67399670927355,-46.44126916611041
146.02545815712557,-47.25677158518432
148.56442811739436,-45.92073287819914
146.22162943870413,-43.890090962143134
151.7866079080414,-45.32762856892022
155.6951550530582,-42.72225000649702
155.02474485840546,-40.213264359959645
147.4003476110998,-42.797740881835004
152.77268670005145,-39.14075179937338
141.30733070318442,-45.61015398647205
139.75253222701602,-43.40861189483896
141.7746806571189,-42.185363939827056
137.49401762461773,-42.89106332291134
138.01918299796836,-40.12147137924004
141.9857990512953,-37.40638210934393
146.90986752860263,-39.574762687132655
145.62445721218378,-37.7976780882078
147.34611995081835,-34.95209385730631
142.5707949770942,-36.579782315896516
148.61924748776076,-32.85057344973283
158.92235047513256,-39.34100161702668
160.36318345409165,-36.824713274188234
155.6578477093111,-36.68857301731789
157.72526054978286,-33.00731291920698
162.32868455860518,-33.347099293632205
166.02590192290018,-27.48232985703148
164.8505770191788,-26.76846760633824
150.03469561857003,-32.186267078887276
149.1211574794472,-32.31510331111669
157.67794218133182,-29.75519877212066
155.61468164673292,-24.53736161421675
93.1142353257981,-62.901979994476825
105.37330521004685,-58.162191121004014
103.15905394306579,-58.65558536836261
113.35285391987968,-57.142686690882314
118.68181978165026,-54.29047471397269
110.4869623144402,-54.70943730669
116.54681699044812,-51.262041167543956
95.90635032884227,-57.30660751381766
100.59453470167948,-53.60251260931867
98.61791763035221,-53.36871458301347
107.20966678167042,-52.14093779513107
111.85454972737213,-49.31372738910349
106.31078294198241,-49.148652540851074
111.09580769571248,-46.68010847082537
110.77079712368882,-43.928705218999234
121.06205564719608,-49.83340761736225
124.32866352327844,-48.680010968088034
117.10912898125584,-49.42429651781144
119.42170874492345,-46.85103742727588
124.83094522393036,-45.23065892866129
124.46450561259259,-43.545477202805074
131.48112409842633,-44.786176221104924
128.32467661548426,-43.82292071245877
130.52978781257391,-42.92980453215096
126.53672871809098,-42.862926687989265
126.51774111880484,-40.54914598803552
130.41485163388336,-38.38898949187237
129.59765370990482,-36.171840933672435
114.4296523467599,-44.89899344209328
120.76950198825789,-42.736955664349416
119.40332577607445,-40.76131282256176
117.62052477972428,-41.30945633227113
117.31367555078174,-40.870263943212706
119.2235557747276,-37.465810169965614
125.25666233086729,-37.77153599022249
126.96588051510186,-37.9766209916118
128.5095269532769,-34.8403218235132
125.90377133959943,-34.850799518481494
122.50303361018298,-35.810827141422436
120.16028905295721,-34.178574939732336
124.72323741801344,-33.42370918761193
121.61582581409851,-32.45391992550249
92.06510048351517,-52.65972669993469
100.89379327298805,-47.93951846522126
92.62867906894843,-48.11482396700242
98.07875235545738,-44.884083129891124
104.20669197185876,-44.650518942218056
108.21299625524294,-42.11499884539596
105.43335563808508,-40.549206222641516
107.13420636055749,-38.57740037256202
94.49771572221115,-44.61326723028552
97.84981084167958,-41.98685203297409
93.10547493514696,-40.924759272616086
94.5891561577262,-37.23559941330867
100.66432766329336,-37.33601273486765
104.15358770156915,-33.74003642239312
98.47671715241012,-33.07226299258678
101.388295497404,-30.528825751539
112.24732727393636,-36.05105560130809
113.55389972751885,-34.93677957427085
110.73595612466241,-35.11992797943322
111.3809030030771,-34.20814510454359
110.51879595209654,-32.21126773529979
119.02770043485334,-33.543855428607756
118.96569114911664,-31.546294424719555
120.94875467441125,-30.338396004786674
119.9589258114611,-29.864032182610057
120.05821732939704,-28.57632959107257
117.31736809276101,-30.574988582745018
115.8707175214333,-29.32010842432998
118.1066600323191,-28.208719823124937
116.59749988054554,-28.004604749799906
118.4839229968323,-25.954348310847546
108.06638804056065,-33.67218640191101
109.5085599233809,-32.46473539973773
111.50680766585891,-29.266384635257836
109.98332405539342,-27.719954275907774
101.72726469929921,-30.29609731057451
106.9941470981877,-27.81095962777187
105.47096776275846,-26.460532870030523
111.74844069270193,-29.221639753985038
110.58945834565534,-28.094148220348263
112.39400103499833,-25.702188736757076
116.42413715941473,-25.325755886261835
113.27409405666131,-24.8884862319658
110.14989566674043,-26.837793735997646
110.77250861412654,-24.38476763259967
110.42396943870827,-23.222091098041723
115.07888829739535,-21.95861201988084
110.65116760384153,-21.28346298747202
135.38925013904355,-39.72133658865265
135.63853828873192,-36.94775309834479
136.6508425084325,-36.48890789118642
132.59213818907833,-36.26043990773972
131.16897741529706,-34.558712666700714
134.2407943954356,-32.54794314525604
140.82643572792625,-32.92222432714338
145.9625530383904,-29.755843700704734
139.59396866535502,-29.559871590062937
140.84395238631998,-26.165612916670714
128.44114957818985,-33.59084212755736
132.27121705703703,-32.27666076786892
130.6398888198075,-29.48235713179359
126.586491500115,-30.05163932631188
123.94582573637464,-30.0971199536057
128.4915447933524,-28.653288796845928
130.3400818146495,-25.9011399970319
139.18766794818853,-25.944958984307515
133.096376072338,-22.87274496258441
149.14803060303873,-26.49993884188073
147.9355756946893,-21.75914435778561
148.4876321214129,-19.828805828035293
144.24824553398932,-20.88778331787081
140.54823781797387,-16.347463305124936
142.24033903479088,-13.709625427490908
123.84214045732261,-27.822553128467995
121.47723068488402,-27.485730584112783
127.30530032682353,-25.338653620842344
126.69907120893036,-23.55854383621468
122.57665491857524,-25.236378166953706
118.48614891195999,-24.83882189385402
123.71784893568059,-23.61289903751525
121.06192856630138,-22.064457574359817
127.26330954880844,-21.8790013014895
127.85839613327894,-19.872876074730083
128.8506542551847,-15.344991636265572
118.98666827507878,-22.22425124164379
118.1679642432977,-21.21519337455569
123.2924062523125,-19.861657187414025
120.4090573977327,-18.100741157470136
117.65900542012677,-19.305154815293502
115.106182588757,-18.56642947291322
117.50500745545963,-17.563504482264047
116.95140790068204,-16.704656257880174
124.81943444251681,-16.86064345284547
128.09395603433518,-13.653028383876197
122.4121568092747,-14.07004306118584
122.91579055842051,-13.01809476682813
133.09084841521792,-17.15581311027431
131.4310667588997,-13.28214013208525
143.0507693455489,-8.758293257778323
128.4633744150752,-10.964467940812407
127.15337875104382,-8.210862382668711
136.90990740676784,-5.081814505440411
221.6527962803402,-87.37592870499742
243.50832891491677,-84.44402698041698
211.69758385517315,-82.68411273908465
263.2203122574127,-81.12401181378726
248.36208766314832,-78.39565006725002
226.0387617595355,-78.33314993636915
247.18598992048607,-74.48703862360388
201.10108993332312,-81.6208949717239
210.2727226880367,-78.21618864167647
197.7528487054931,-76.01289905170016
208.05153794764198,-74.46902881040404
220.7171248995946,-75.82471564674121
237.4687018894363,-73.72318466718977
232.8767401373055,-70.67560667792348
220.75560343899983,-71.27016800905294
225.804700788218,-70.91622059503618
222.11360364731138,-69.49663078678145
261.0041316822608,-76.32229575153428
265.6520118196589,-73.84358719685115
257.00175100572795,-69.78252510345925
242.7497123957271,-71.53365531606033
253.8889740310182,-68.93208746082374
267.6633616882424,-71.04408779354335
259.144482575963,-67.79517999819227
260.0896349775316,-65.52555558774903
253.5118210857724,-66.4322899374986
258.98385691086315,-65.7513476998697
252.6532477957823,-62.881673076539066
243.45917863472533,-69.69053325566198
236.33150394191384,-68.52545634687691
245.680816422173,-67.70029553783357
237.00760735605903,-66.16507772298118
232.28260604176216,-67.81924940151436
230.00700749219848,-66.5290603673736
235.20670730091413,-65.62555956877308
236.9150035236204,-62.125698269636175
233.02627051162878,-61.5709328656201
247.40267357585856,-63.1475079592844
244.4370046058795,-61.445724206523565
251.07179110161312,-61.333434711894164
244.1349864238603,-60.26846737008376
239.19999878837058,-62.18832576279038
240.63534008793633,-59.34694027139435
238.1654627363828,-58.4844986479875
245.13104454194183,-57.409208944537255
241.86335141929004,-56.52417002069171
186.09828548365843,-74.4442781282678
207.21882599363295,-71.14147058891085
189.5530833071228,-72.77063174383822
197.81904602738706,-71.31586672203215
194.47272917532592,-69.2462753635076
216.38966861930896,-70.17649134978173
213.89422845160772,-68.27722957913433
222.11804145027554,-66.84693133908394
219.3780739986003,-65.83487539576835
206.92830283874883,-67.60819127320842
205.64302626715823,-66.58748343473812
208.16452540341766,-64.67895718314576
217.2739596880612,-64.77915962960336
213.70155278487093,-63.40309756841089
214.25321197540805,-61.49675366980934
190.25687795167846,-69.03413685148985
188.18678781867234,-68.1213475760399
200.57003949069727,-66.50501177738515
194.53043066638588,-65.50413733776054
180.41110362384325,-68.38886483919437
184.21728668038506,-66.21875627971774
195.75972587144156,-64.78448784304832
193.4685407027057,-63.8824840026222
204.20861455995603,-65.31552743474657
209.25372761779752,-63.222782443339725
204.0172479999081,-63.28936998919703
204.59500172940517,-62.37529307485036
209.38371354594824,-62.166497780796576
207.91140949825302,-61.22596417312196
212.22967297776975,-58.29158210888453
201.7394955053072,-60.772723670896035
199.8429080096941,-60.90882251489967
202.5268930350659,-59.027492358982975
208.49071917807305,-57.52049109733384
206.13053287407828,-57.18158672774117
224.42151943305907,-63.792539311985
225.2682143104718,-61.938276698600596
231.03858102556143,-60.13875134158838
229.29484391072322,-57.839074668739364
217.89748157071884,-61.61375609712088
220.53875561433998,-58.30153932471291
223.80480421071908,-56.77077678726278
235.63158789683064,-58.080875716980955
232.20415812723266,-55.25235248614139
234.55201413721946,-54.478568161268704
235.22677324535866,-51.47038449445819
227.08903704538247,-55.36630277942262
228.58759022494144,-51.65715793529731
232.64898744238843,-50.81987502443353
230.98720147896208,-49.8012183777644
220.40359642877442,-57.025298878121966
222.104195603577,-56.43643796979197
219.30898261180928,-53.295099707260604
214.38633049479856,-54.85991745177976
218.30338051826652,-51.6036072244696
219.31252195594516,-49.11598895324808
222.9803147914172,-52.24854275983877
227.25539268667964,-49.797896268684575
229.09866651955642,-46.58298972754617
219.49143768257258,-48.83254629242551
226.49647631889798,-45.82887175033639
267.01036934328494,-64.98133892085329
261.2208199385324,-60.612950731340185
261.63776716356705,-58.474121492693726
252.55275423202892,-59.74065840259531
260.6612967160161,-57.00206133757458
268.167892556947,-57.12119258640331
267.0672377793086,-54.55002906582974
259.05855320005713,-53.49426378465404
257.15723220315516,-50.85778612784521
250.04627440807366,-56.944884760514746
247.77273087406886,-56.138386792636354
252.54712486593303,-53.6210201090551
248.97340140410614,-52.801499598415866
246.1768860975706,-54.84869426244579
242.4682883270653,-53.645710744215236
248.05067217426134,-53.17708494716545
248.2258292196043,-50.77092623401243
242.89788898315825,-50.39030991431708
254.21473348582737,-51.123508088607934
255.52679335924805,-47.700520702012945
250.13706981945822,-49.25144654993465
246.38172791170635,-46.581767715751276
247.0173093697877,-43.91773507070896
269.2148709598898,-49.841548055594345
264.9365668392342,-46.15533715030563
263.0972995663608,-46.2034936265001
258.927373982979,-42.605762982623
264.26612483188995,-44.32675529292581
267.0417945485912,-43.03707055624115
264.05636661590796,-41.45825442035302
264.34811444116104,-40.79105700037261
257.3842783771158,-47.18878362983082
258.36931433544567,-42.12176692576263
247.81603388114206,-41.52606267672245
260.19651673737866,-39.74026101637998
259.0746509988142,-36.431888504360536
256.57861065621404,-37.12446301936167
258.73940650871396,-33.777466245177216
259.22020972844945,-30.500616466387466
237.0063302963966,-52.07328737666512
242.4447007350293,-50.30487663653365
241.1733481250102,-46.43661270271405
235.8673571348568,-47.98925840365203
234.50494392957293,-45.84942532137522
236.29512536459865,-45.19041492146803
245.7686728030169,-44.98817624388962
246.39749969894802,-42.44725329875798
236.8315896370387,-42.12476945728361
232.16936125697896,-47.138087901249605
231.83771107715327,-43.287838877534185
232.40753995550807,-42.643039154270554
229.58159934393737,-42.614793244692
231.3632250078104,-39.52772129681861
237.06898253067598,-40.19548242557945
240.20725721523922,-36.8089228032428
237.00746175144994,-34.607891613329265
247.43361655875702,-37.30585279847551
248.76910378924603,-33.651040745689976
252.13614107102524,-31.282901180768157
249.8962869765646,-30.823390865725077
251.27457209478996,-26.616170241697006
242.40021142680737,-30.529201288913253
240.3695908841843,-29.846414642517153
242.5890950307791,-26.19743080300464
242.8900153884041,-24.106776402325128
187.55700636910936,-64.20588901993634
180.55630807093894,-63.505249310357065
187.16979221829547,-61.20763141336657
194.67894332686208,-60.327785887969846
193.55292107978042,-59.608959893993315
180.1394972148121,-62.182168739321924
187.16108512304746,-59.79951007218781
185.45245192237306,-59.510158019801835
190.0573603419866,-58.84133578084322
191.59600236685694,-56.9932396579476
198.56823639581367,-58.845289133149855
198.05353296668252,-57.50633993367132
205.69945320082408,-54.94587860350314
198.42613996483846,-56.261403766593
199.12005432262316,-54.134906108422804
205.88443309273995,-49.63345686393175
186.91119700774624,-57.516187350695965
185.5538912564715,-56.058089142958885
190.853345752406,-54.296117519506396
186.24401517649034,-54.432753721648325
184.1150312284768,-53.20476490517098
196.22233096347213,-52.61696312270044
204.0002382587069,-48.76202207476494
194.96146542189118,-48.29648980566791
201.06194510129356,-44.4544591872917
210.13768684081728,-50.039906549143794
212.79012180749828,-48.516009356108206
207.3936311649673,-47.36926742229143
214.25270539345163,-42.63675411678385
221.58660676677823,-44.2877267235182
217.28945634750752,-42.05580676674419
218.7732249316321,-38.01501217497075
211.0182466329317,-43.87068339886139
206.0184265797318,-42.846332284735226
207.13145969218863,-38.46124371533439
213.07475625170932,-37.58103169194092
211.83519010484224,-36.68670741252053
212.11201601452592,-32.565068967261396
180.2047442758383,-51.971412077587566
188.69716854112312,-47.044554895664675
181.53266769878664,-47.93654195622822
189.122534429143,-43.9785319933777
199.46111366273124,-43.90813089261708
191.96708405176724,-42.73888300584219
181.22471403038006,-47.172532528383236
189.85478748573138,-41.851242844196626
185.34854322055486,-41.24878786716654
191.15760731020842,-36.247501276370855
188.65193733392982,-33.1216559760526
202.47290105945135,-37.586402257286984
201.30413454031046,-36.39257492507285
208.0452117114611,-34.867711804523935
209.00757560280442,-30.22059162613056
209.94135005278056,-26.644868754970318
197.46570488220766,-29.863181377070134
202.84358811988218,-27.91198070722408
199.68481394324894,-22.25452699362519
227.40225882639263,-37.88060226531124
219.68768731013313,-35.384086278949084
229.16938324037739,-33.230302127898575
225.85173156240754,-30.583269726458685
217.69960175661555,-33.30130093157119
218.3797759519201,-30.508607891613334
225.82584637235135,-28.070092590276214
223.86391463435098,-24.121864590873894
237.9774762583976,-26.306650083067716
232.0843658299575,-25.338278021219086
239.81204733499575,-22.005045083841637
243.955272445182,-17.13054370117902
233.48716961681276,-18.778866093426988
236.41096560372637,-18.933350086835738
233.7397724357617,-15.493276891740035
212.4230899576548,-27.535674600902354
208.9122239160801,-24.680388237720877
221.87728385142012,-20.05871350276093
209.2471346494144,-23.103717736033346
202.72979361245675,-19.560287130239548
217.07880408574619,-12.927804253220964
229.7672616166369,-14.45939541641536
230.76500017842005,-13.674566193384864
228.026874143839,-7.370041306633201
215.4890488174777,-9.28028223725474
221.37299096638264,-3.5590279228518096
338.2219359283484,-85.28657395894795
314.40977699435695,-83.8730754261696
357.28586366437935,-79.04254686525039
329.070929866927,-76.0885496370569
309.37026717875966,-77.99766323672821
287.44238550177494,-76.03414582182134
318.8338699818711,-75.50683526543791
322.39724464989234,-70.40146933702268
311.78084268854025,-70.51397277181458
357.55035978150374,-72.67368160726403
343.18706575789804,-70.40614772749741
356.8478808067415,-68.39410865039723
347.794640562456,-63.19002932676679
334.0783621737763,-67.10290339269143
325.22812551289445,-65.80390560201346
335.7255516600124,-62.60496499551846
328.94313040523133,-59.12762448503742
278.3463116434969,-75.30594218743282
297.0827906359404,-70.71014329118755
279.720355945621,-70.31275525304451
300.52635888972475,-71.47915563012043
312.73252971494696,-65.88251549150448
303.67302816566166,-65.7868181318275
279.6162188356678,-69.01124166028397
281.5033599221616,-66.72581043731583
272.9804200609591,-65.82640103015233
295.8521169057378,-64.56916396425306
298.4924293299559,-59.740757391229465
298.6888953308362,-58.79362769526376
313.41613894890963,-63.585410333016185
311.6543257707478,-60.28199297236203
323.1948987956085,-58.0063051090318
319.32625527918384,-56.614682414776574
321.2176270927272,-48.45557333502041
309.29112734831426,-54.81085388396561
307.1791275452842,-52.97999661167108
314.2359632453435,-49.41407364982041
310.45192052101515,-47.912654550322124
355.5873979876884,-63.29530971647118
343.62504239968604,-60.548656010696874
353.8300539560527,-55.70560681611521
351.9937402061703,-51.71200964407791
340.6712013121011,-54.73501955039033
333.27440188222937,-50.72391619677755
337.75065576691725,-49.43407680048853
355.3637365631044,-51.25627604198747
352.9684111200026,-45.520378468952124
353.92676409810935,-41.51627405240527
346.65972256356923,-39.7542476099924
352.78365637649665,-35.37281181798651
327.72819514144055,-51.644060410532425
326.1761748691653,-48.104083010010726
335.7392335797045,-45.125145263328214
328.3898040990103,-41.02932986408089
324.24977633893366,-43.45449726663487
319.5430229120663,-40.0543577130587
325.84337203985194,-35.79773136822973
334.4630095988829,-37.16309854596208
347.6279164242145,-30.688041420677358
331.20528047729044,-30.671528150211657
339.82224916717354,-26.835943235715238
336.9998490627374,-19.96947081976457
280.36113261339926,-62.732271153711224
271.265702834324,-61.18009917499829
288.0815005205101,-59.64999610353966
297.2689199386111,-54.76878596499866
287.30524122474407,-54.57436013012786
296.14255140481276,-50.00279033629292
283.64305568414744,-54.842750818021806
274.54092295236205,-53.30339714165739
282.80545744929503,-48.412206819947926
293.1010881783549,-49.18239614165653
285.29895238331966,-47.921546953809425
291.5784287874348,-42.811180533837955
307.9073460875686,-48.25452770167073
297.24757301937353,-48.068166565999285
309.05017527146424,-47.20336118822417
309.8323243880305,-41.795009663847544
308.8426903872255,-40.25036070751799
294.4811220426345,-45.69143293901097
295.37474797212826,-42.94214771786969
298.0811327645119,-37.78648163347906
308.2067661726356,-36.710493870867786
301.6195412774403,-34.00957562234422
275.5350516385371,-51.82957637126098
280.7329784435509,-48.68076101544806
273.54340959137,-49.34071891941691
277.18376593904827,-47.41634893856305
280.7135961615594,-42.48005058217609
289.8486264159243,-42.66244648212033
285.4644129669619,-40.24139195826563
286.65348914727286,-36.04419778260596
270.6798212601557,-44.825084906577146
275.94676233430465,-42.73938918963079
275.2172911244183,-41.73000216423457
276.0328754223094,-41.11091780053558
276.2091489575837,-37.58155749105147
281.71809423971774,-37.55893757664895
283.8481879584411,-34.08410765816259
278.1485643929206,-34.55683319939418
281.0359948040038,-32.459872066021795
295.9316106815198,-34.598905364353215
290.9608386781826,-31.694304920773327
303.4246882628983,-29.991284860163503
294.9508577357197,-27.69749742746745
288.2995910506498,-32.75301347668541
289.33023882700854,-28.475576203927627
286.2825973976856,-28.051630500684134
291.7765002424485,-27.82145139409465
295.2272507161501,-22.600320732891166
294.15847255377497,-21.48065583034047
315.6194646502755,-37.39079385469471
310.4035096463016,-35.59527971976969
325.75457820026566,-29.921218343985977
307.7208928662727,-33.945534038001085
306.1871036765665,-30.46720503054407
308.49274240107906,-25.920570771406314
315.08521540546394,-23.244055196046755
326.19199606260514,-24.571228264136124
334.38627734821785,-18.161814935893787
325.24266451356385,-19.73988029207575
324.28139641730974,-16.569399733414098
305.98335921750487,-27.500493133922305
306.2896209339041,-23.183025985675222
305.483772341193,-21.296597901563945
311.25717181605893,-20.156286514104963
307.1696918989165,-17.253805950063207
301.07160835254984,-20.423631968039693
292.7163968460123,-19.51035507369917
303.2321301091669,-17.845804641495313
305.5907997574183,-13.08050449649191
302.7458734583499,-10.894790701167244
316.1355527491222,-13.165535034932736
318.07785156937376,-9.214594233215779
307.56176717773315,-11.096377459092329
313.1038976286886,-6.624348956098259
314.93837472612415,-1.5045907317789975
